<application>
  <component name="CodeFoldingSettings">
    <option name="COLLAPSE_IMPORTS" value="false" />
    <option name="COLLAPSE_FILE_HEADER" value="false" />
  </component>
  <component name="CodeInsightSettings">
    <option name="completionCaseSensitive" value="2" />
    <option name="selectAutopopupSuggestionsByChars" value="true" />
    <option name="AUTO_POPUP_JAVADOC_INFO" value="true" />
    <option name="COMPLETION_CASE_SENSITIVE" value="2" />
    <option name="SELECT_AUTOPOPUP_SUGGESTIONS_BY_CHARS" value="true" />
    <option name="AUTOCOMPLETE_ON_CODE_COMPLETION" value="false" />
    <option name="INSERT_BRACE_ON_ENTER" value="false" />
  </component>
  <component name="CodeVisionSettings">
    <option name="defaultPosition" value="Top" />
    <option name="enabled" value="false" />
  </component>
  <component name="EditorSettings">
    <option name="languageBreadcrumbsMap">
      <map>
        <entry key="C++" value="true" />
      </map>
    </option>
    <option name="USE_SOFT_WRAPS" value="CONSOLE" />
    <option name="STRIP_TRAILING_SPACES" value="None" />
    <option name="IS_FOLDING_OUTLINE_SHOWN" value="false" />
    <option name="SHOW_STICKY_LINES" value="false" />
    <option name="IS_WHEEL_FONTCHANGE_ENABLED" value="true" />
    <option name="IS_WHEEL_FONTCHANGE_PERSISTENT" value="true" />
  </component>
  <component name="JavaCodeFoldingSettings">
    <option name="collapseConstructorGenericParameters" value="false" />
    <option name="collapseI18nMessages" value="false" />
    <option name="collapseLambdas" value="false" />
    <option name="collapseOneLineMethods" value="false" />
    <option name="collapseSuppressWarnings" value="false" />
  </component>
  <component name="JpaQlFoldingSettings">
    <option name="COLLAPSE_JPA_QUERIES" value="false" />
  </component>
  <component name="KubernetesFoldingSettings">
    <option name="COLLAPSE_HELM_VALUES" value="false" />
    <option name="COLLAPSE_ENV_VARS" value="false" />
    <option name="COLLAPSE_EXEC_ACTIONS" value="false" />
  </component>
  <component name="MarkdownCodeFoldingSettings">
    <option name="collapseFrontMatter" value="false" />
    <option name="collapseLinks" value="false" />
    <option name="collapseTableOfContents" value="false" />
  </component>
  <component name="TodoConfiguration">
    <pattern pattern="\bNotImplementedException\b" />
    <pattern case-sensitive="true" pattern="(?&lt;=\W|^)(?&lt;TAG&gt;BUG:)(\W|$)(.*)" />
    <pattern icon="default" pattern="(?&lt;=\W|^)(?&lt;TAG&gt;TODO)(\W|$)(.*)" />
  </component>
  <component name="XmlFoldingSettings">
    <option name="COLLAPSE_HTML_STYLE_ATTRIBUTE" value="false" />
    <option name="COLLAPSE_ENTITIES" value="false" />
    <option name="COLLAPSE_DATA_URI" value="false" />
  </component>
</application>