<application>
  <component name="ProjectManager">
    <defaultProject>
      <component name="PropertiesComponent"><![CDATA[{
  "keyToString": {
    "settings.editor.selected.configurable": "settings.sync"
  }
}]]></component>
      <component name="VcsDirectoryMappings" defaultProject="true" />
      <component name="WindowStateProjectService">
        <state x="356" y="84" key="#Plugins" timestamp="1743042346384">
          <screen x="0" y="38" width="1512" height="884" />
        </state>
        <state x="356" y="84" key="#Plugins/0.38.1512.884" timestamp="1743042346384" />
        <state x="265" y="80" key="SettingsEditor" timestamp="1743042384752">
          <screen x="0" y="38" width="1512" height="884" />
        </state>
        <state x="265" y="80" key="SettingsEditor/0.38.1512.884" timestamp="1743042384752" />
      </component>
    </defaultProject>
  </component>
</application>