<application>
  <component name="ProjectManager">
    <defaultProject>
      <component name="PropertiesComponent">{
  &quot;keyToString&quot;: {
    &quot;settings.editor.selected.configurable&quot;: &quot;preferences.pluginManager&quot;
  }
}</component>
      <component name="VcsDirectoryMappings" defaultProject="true" />
      <component name="WindowStateProjectService">
        <state x="356" y="84" key="#Plugins" timestamp="1743042346384">
          <screen x="0" y="38" width="1512" height="884" />
        </state>
        <state x="356" y="84" key="#Plugins/0.38.1512.884" timestamp="1743042346384" />
        <state x="265" y="80" key="SettingsEditor" timestamp="1743677709361">
          <screen x="0" y="38" width="1512" height="884" />
        </state>
        <state x="265" y="80" key="SettingsEditor/0.38.1512.884" timestamp="1743677709361" />
      </component>
    </defaultProject>
  </component>
</application>