<application>
  <component name="Trusted.Paths">
    <option name="TRUSTED_PROJECT_PATHS">
      <map>
        <entry key="$USER_HOME$/Workspace/gameplay-services" value="true" />
        <entry key="$USER_HOME$/Workspace/promo-web" value="true" />
        <entry key="$USER_HOME$/Workspace/quarkus/service-domain" value="true" />
        <entry key="$USER_HOME$/Workspace/some-api" value="true" />
      </map>
    </option>
  </component>
  <component name="Trusted.Paths.Settings">
    <option name="TRUSTED_PATHS">
      <list>
        <option value="$USER_HOME$/Workspace" />
      </list>
    </option>
  </component>
</application>