<application>
  <component name="DimensionService">
    <location key="find.popup.0.0.3024.1964@192dpi" x="1072" y="346" />
    <size key="GridCell.Tab.0.left.0.0.3024.1964@192dpi" width="2940" height="524" />
    <size key="GridCell.Tab.0.center.0.0.3024.1964@192dpi" width="2940" height="524" />
    <size key="GridCell.Tab.0.right.0.0.3024.1964@192dpi" width="2940" height="524" />
    <size key="GridCell.Tab.0.bottom.0.0.3024.1964@192dpi" width="2940" height="524" />
    <size key="GridCell.Tab.1.left.0.0.3024.1964@192dpi" width="2940" height="648" />
    <size key="GridCell.Tab.1.center.0.0.3024.1964@192dpi" width="2940" height="648" />
    <size key="GridCell.Tab.1.right.0.0.3024.1964@192dpi" width="2940" height="648" />
    <size key="GridCell.Tab.1.bottom.0.0.3024.1964@192dpi" width="2940" height="648" />
    <size key="find.popup.0.0.3024.1964@192dpi" width="1174" height="1434" />
  </component>
  <component name="WindowManager">
    <frame x="0" y="38" width="1512" height="884" extendedState="6" />
  </component>
  <component name="WindowStateApplicationService">
    <state width="744" height="752" key="ShowUsagesActions.dimensionServiceKey" timestamp="1743064603751">
      <screen x="0" y="38" width="1512" height="884" />
    </state>
    <state width="744" height="752" key="ShowUsagesActions.dimensionServiceKey/0.38.1512.884" timestamp="1743064603751" />
    <state x="756" y="441" width="800" height="650" key="WELCOME_SCREEN" timestamp="1743042973933">
      <screen x="0" y="38" width="1512" height="884" />
    </state>
    <state x="756" y="441" width="800" height="650" key="WELCOME_SCREEN/0.38.1512.884" timestamp="1743042973933" />
  </component>
</application>