<keymap version="1" name="rbento-idea" parent="Mac OS X 10.5+">
  <action id="Back">
    <keyboard-shortcut first-keystroke="meta open_bracket" />
    <keyboard-shortcut first-keystroke="meta alt left" />
    <mouse-shortcut keystroke="button4" />
    <keyboard-shortcut first-keystroke="meta o" />
  </action>
  <action id="ChangeSignature" />
  <action id="ChangeTypeSignature" />
  <action id="ChangesView.Rename">
    <keyboard-shortcut first-keystroke="f2" />
  </action>
  <action id="ChangesView.ToggleCommitUi" />
  <action id="CheckinProject" />
  <action id="ChooseDebugConfiguration">
    <keyboard-shortcut first-keystroke="shift meta f5" />
  </action>
  <action id="ChooseRunConfiguration">
    <keyboard-shortcut first-keystroke="shift meta f6" />
  </action>
  <action id="Compile">
    <keyboard-shortcut first-keystroke="shift f7" />
  </action>
  <action id="CompileDirty">
    <keyboard-shortcut first-keystroke="f7" />
  </action>
  <action id="CopyElement" />
  <action id="Coverage">
    <keyboard-shortcut first-keystroke="meta f6" />
  </action>
  <action id="DatabaseView.PropertiesAction" />
  <action id="Debug">
    <keyboard-shortcut first-keystroke="f5" />
  </action>
  <action id="Debugger.StepOutOfBlock">
    <keyboard-shortcut first-keystroke="shift f8" />
  </action>
  <action id="EditPropertyValue" />
  <action id="EditorDeleteLine">
    <keyboard-shortcut first-keystroke="meta back_space" />
    <keyboard-shortcut first-keystroke="meta y" />
  </action>
  <action id="FileStructurePopup">
    <keyboard-shortcut first-keystroke="meta f12" />
    <keyboard-shortcut first-keystroke="meta h" />
  </action>
  <action id="Find">
    <keyboard-shortcut first-keystroke="meta j" />
  </action>
  <action id="FindInPath">
    <keyboard-shortcut first-keystroke="shift meta j" />
  </action>
  <action id="FindNext">
    <keyboard-shortcut first-keystroke="meta l" />
  </action>
  <action id="FindPrevious" />
  <action id="FindUsages">
    <keyboard-shortcut first-keystroke="alt f7" />
    <keyboard-shortcut first-keystroke="alt u" />
  </action>
  <action id="ForceRunToCursor">
    <keyboard-shortcut first-keystroke="ctrl alt f6" />
  </action>
  <action id="ForceStepInto">
    <keyboard-shortcut first-keystroke="ctrl f10" />
  </action>
  <action id="ForceStepOver">
    <keyboard-shortcut first-keystroke="ctrl f9" />
  </action>
  <action id="Forward">
    <keyboard-shortcut first-keystroke="meta close_bracket" />
    <keyboard-shortcut first-keystroke="meta alt right" />
    <mouse-shortcut keystroke="button5" />
    <keyboard-shortcut first-keystroke="meta l" />
  </action>
  <action id="Git.Commit.Stage" />
  <action id="Git.Rename.Local.Branch">
    <keyboard-shortcut first-keystroke="f2" />
  </action>
  <action id="Git.Reword.Commit">
    <keyboard-shortcut first-keystroke="f2" />
  </action>
  <action id="GotoClass">
    <keyboard-shortcut first-keystroke="meta t" />
  </action>
  <action id="GotoDeclaration">
    <keyboard-shortcut first-keystroke="meta b" />
    <mouse-shortcut keystroke="meta button1" />
    <mouse-shortcut keystroke="Force touch" />
    <mouse-shortcut keystroke="button2" />
    <keyboard-shortcut first-keystroke="meta k" />
  </action>
  <action id="GotoFile">
    <keyboard-shortcut first-keystroke="meta f" />
  </action>
  <action id="GotoLine">
    <keyboard-shortcut first-keystroke="meta g" />
  </action>
  <action id="GotoRow" />
  <action id="GotoSymbol">
    <keyboard-shortcut first-keystroke="meta m" />
  </action>
  <action id="Graph.ApplyCurrentLayout" />
  <action id="Graph.RouteEdges" />
  <action id="InsertLiveTemplate" />
  <action id="Jdbc.OpenEditor.DDL">
    <keyboard-shortcut first-keystroke="meta b" />
    <mouse-shortcut keystroke="meta button1" />
    <mouse-shortcut keystroke="Force touch" />
    <mouse-shortcut keystroke="button2" />
    <keyboard-shortcut first-keystroke="meta k" />
  </action>
  <action id="JumpToLastChange">
    <keyboard-shortcut first-keystroke="shift meta back_space" />
    <keyboard-shortcut first-keystroke="meta period" />
  </action>
  <action id="MethodDown">
    <keyboard-shortcut first-keystroke="shift ctrl down" />
    <keyboard-shortcut first-keystroke="shift alt j" />
  </action>
  <action id="MethodUp">
    <keyboard-shortcut first-keystroke="shift ctrl up" />
    <keyboard-shortcut first-keystroke="shift alt k" />
  </action>
  <action id="MinimizeCurrentWindow" />
  <action id="ModifyObject" />
  <action id="Move" />
  <action id="NextDiff" />
  <action id="PreviousDiff" />
  <action id="Profiler">
    <keyboard-shortcut first-keystroke="meta alt f6" />
  </action>
  <action id="QuickImplementations">
    <keyboard-shortcut first-keystroke="alt space" />
  </action>
  <action id="Refresh" />
  <action id="RenameElement">
    <keyboard-shortcut first-keystroke="meta r" second-keystroke="r" />
  </action>
  <action id="RenameFile">
    <keyboard-shortcut first-keystroke="meta r" second-keystroke="f" />
  </action>
  <action id="Replace" />
  <action id="Rerun" />
  <action id="RerunTests">
    <keyboard-shortcut first-keystroke="shift alt t" />
  </action>
  <action id="Resume">
    <keyboard-shortcut first-keystroke="alt f5" />
  </action>
  <action id="Run">
    <keyboard-shortcut first-keystroke="f6" />
  </action>
  <action id="RunToCursor">
    <keyboard-shortcut first-keystroke="alt f6" />
  </action>
  <action id="ShelvedChanges.Rename">
    <keyboard-shortcut first-keystroke="f2" />
  </action>
  <action id="ShowFilePath">
    <keyboard-shortcut first-keystroke="meta alt f12" />
    <keyboard-shortcut first-keystroke="meta alt h" />
  </action>
  <action id="SmartStepInto">
    <keyboard-shortcut first-keystroke="shift f10" />
  </action>
  <action id="StepInto">
    <keyboard-shortcut first-keystroke="f10" />
  </action>
  <action id="StepOut">
    <keyboard-shortcut first-keystroke="f8" />
  </action>
  <action id="StepOver">
    <keyboard-shortcut first-keystroke="f9" />
  </action>
  <action id="SwitchCoverage" />
  <action id="Terminal.ClearBuffer" />
  <action id="Terminal.NewTab" />
  <action id="TextSearchAction">
    <keyboard-shortcut first-keystroke="meta i" />
  </action>
  <action id="UsageView.Rerun" />
  <action id="Vcs.Log.FocusTextFilter" />
  <action id="Vcs.Log.Refresh" />
  <action id="Vcs.RefreshFileHistory" />
  <action id="Vcs.UpdateProject" />
  <action id="editRunConfigurations">
    <keyboard-shortcut first-keystroke="shift alt f6" />
  </action>
  <action id="org.intellij.plugins.markdown.ui.actions.styling.ToggleItalicAction" />
</keymap>