<keymap version="1" name="rbento-idea" parent="Mac OS X 10.5+">
  <action id="ActivateBookmarksToolWindow" />
  <action id="ActivateMavenToolWindow">
    <keyboard-shortcut first-keystroke="meta 2" />
  </action>
  <action id="Arrangement.Rule.Edit" />
  <action id="Back">
    <keyboard-shortcut first-keystroke="meta open_bracket" />
    <keyboard-shortcut first-keystroke="meta alt left" />
    <mouse-shortcut keystroke="button4" />
    <keyboard-shortcut first-keystroke="meta o" />
  </action>
  <action id="BookmarksView.Rename" />
  <action id="ChangeSignature" />
  <action id="ChangeTypeSignature" />
  <action id="ChangesView.GroupBy.Module" />
  <action id="ChangesView.Rename" />
  <action id="ChangesView.ToggleCommitUi" />
  <action id="CheckStatusForFiles">
    <keyboard-shortcut first-keystroke="alt s" />
  </action>
  <action id="CheckinProject">
    <keyboard-shortcut first-keystroke="alt c" second-keystroke="c" />
  </action>
  <action id="ChooseDebugConfiguration">
    <keyboard-shortcut first-keystroke="shift f5" />
  </action>
  <action id="ChooseRunConfiguration">
    <keyboard-shortcut first-keystroke="shift f6" />
  </action>
  <action id="ClickLink">
    <keyboard-shortcut first-keystroke="meta b" />
    <mouse-shortcut keystroke="meta button1" />
    <mouse-shortcut keystroke="Force touch" />
    <mouse-shortcut keystroke="button2" />
  </action>
  <action id="Compile">
    <keyboard-shortcut first-keystroke="shift f7" />
  </action>
  <action id="CompileDirty">
    <keyboard-shortcut first-keystroke="f7" />
  </action>
  <action id="Console.Jdbc.Cancel" />
  <action id="Console.TableResult.EditValue">
    <keyboard-shortcut first-keystroke="enter" />
    <keyboard-shortcut first-keystroke="alt enter" />
  </action>
  <action id="Console.TableResult.GotoReferencedResult">
    <mouse-shortcut keystroke="button1 doubleClick" />
    <keyboard-shortcut first-keystroke="enter" />
    <keyboard-shortcut first-keystroke="alt enter" />
  </action>
  <action id="Console.TableResult.GotoReferencingResult">
    <keyboard-shortcut first-keystroke="meta b" />
    <mouse-shortcut keystroke="meta button1" />
    <mouse-shortcut keystroke="Force touch" />
    <mouse-shortcut keystroke="button2" />
  </action>
  <action id="CopyElement" />
  <action id="DatabaseView.FullTextSearch" />
  <action id="DatabaseView.PropertiesAction" />
  <action id="Debug">
    <keyboard-shortcut first-keystroke="f5" />
  </action>
  <action id="DebugClass" />
  <action id="Debugger.EditArrayFilter" />
  <action id="Debugger.EditCustomField" />
  <action id="DuplicatesForm.SendToRight" />
  <action id="EditPropertyValue" />
  <action id="EditorCutLineEnd" />
  <action id="EditorDeleteLine">
    <keyboard-shortcut first-keystroke="meta back_space" />
    <keyboard-shortcut first-keystroke="meta y" />
  </action>
  <action id="EditorDown">
    <keyboard-shortcut first-keystroke="down" />
    <keyboard-shortcut first-keystroke="ctrl n" />
    <keyboard-shortcut first-keystroke="ctrl j" />
  </action>
  <action id="EditorLeft">
    <keyboard-shortcut first-keystroke="left" />
    <keyboard-shortcut first-keystroke="ctrl b" />
    <keyboard-shortcut first-keystroke="ctrl h" />
  </action>
  <action id="EditorMatchBrace" />
  <action id="EditorRight">
    <keyboard-shortcut first-keystroke="right" />
    <keyboard-shortcut first-keystroke="ctrl f" />
    <keyboard-shortcut first-keystroke="ctrl l" />
  </action>
  <action id="EditorScrollToCenter" />
  <action id="EditorUp">
    <keyboard-shortcut first-keystroke="up" />
    <keyboard-shortcut first-keystroke="ctrl p" />
    <keyboard-shortcut first-keystroke="ctrl k" />
  </action>
  <action id="ExternalSystem.ProjectRefreshAction" />
  <action id="FileChooser.GotoProject" />
  <action id="FileStructurePopup">
    <keyboard-shortcut first-keystroke="meta f12" />
    <keyboard-shortcut first-keystroke="meta h" />
    <keyboard-shortcut first-keystroke="meta k" />
  </action>
  <action id="Find">
    <keyboard-shortcut first-keystroke="meta j" />
  </action>
  <action id="FindInPath">
    <keyboard-shortcut first-keystroke="shift meta j" />
    <keyboard-shortcut first-keystroke="shift meta f" />
  </action>
  <action id="FindNext">
    <keyboard-shortcut first-keystroke="f3" />
  </action>
  <action id="FindPrevious">
    <keyboard-shortcut first-keystroke="shift f3" />
  </action>
  <action id="FindUsages">
    <keyboard-shortcut first-keystroke="alt f7" />
    <keyboard-shortcut first-keystroke="alt u" />
  </action>
  <action id="ForceRunToCursor" />
  <action id="ForceStepInto" />
  <action id="ForceStepOver" />
  <action id="Forward">
    <keyboard-shortcut first-keystroke="meta close_bracket" />
    <keyboard-shortcut first-keystroke="meta alt right" />
    <mouse-shortcut keystroke="button5" />
    <keyboard-shortcut first-keystroke="meta l" />
  </action>
  <action id="Generate.Missing.Members.ES6" />
  <action id="Generate.Missing.Members.TypeScript" />
  <action id="Git.Commit.Stage" />
  <action id="Git.Rename.Local.Branch" />
  <action id="Git.Reword.Commit" />
  <action id="GotoClass">
    <keyboard-shortcut first-keystroke="meta t" />
  </action>
  <action id="GotoFile">
    <keyboard-shortcut first-keystroke="meta f" />
  </action>
  <action id="GotoLine">
    <keyboard-shortcut first-keystroke="meta g" />
  </action>
  <action id="GotoNextBookmark">
    <keyboard-shortcut first-keystroke="f2" />
  </action>
  <action id="GotoNextError">
    <keyboard-shortcut first-keystroke="f8" />
  </action>
  <action id="GotoPreviousBookmark">
    <keyboard-shortcut first-keystroke="shift f2" />
  </action>
  <action id="GotoPreviousError">
    <keyboard-shortcut first-keystroke="shift f8" />
  </action>
  <action id="GotoRow" />
  <action id="GotoSymbol">
    <keyboard-shortcut first-keystroke="meta m" />
  </action>
  <action id="Graph.ApplyCurrentLayout" />
  <action id="Graph.RouteEdges" />
  <action id="IncrementalSearch">
    <keyboard-shortcut first-keystroke="alt j" />
  </action>
  <action id="InsertLiveTemplate" />
  <action id="JumpToLastChange">
    <keyboard-shortcut first-keystroke="shift meta back_space" />
    <keyboard-shortcut first-keystroke="meta period" />
  </action>
  <action id="MethodDown">
    <keyboard-shortcut first-keystroke="shift ctrl down" />
    <keyboard-shortcut first-keystroke="shift alt j" />
  </action>
  <action id="MethodUp">
    <keyboard-shortcut first-keystroke="shift ctrl up" />
    <keyboard-shortcut first-keystroke="shift alt k" />
  </action>
  <action id="MinimizeCurrentWindow" />
  <action id="ModifyObject" />
  <action id="Move" />
  <action id="NavBar-selectDown">
    <keyboard-shortcut first-keystroke="down" />
    <keyboard-shortcut first-keystroke="ctrl n" />
    <keyboard-shortcut first-keystroke="ctrl j" />
  </action>
  <action id="NavBar-selectUp">
    <keyboard-shortcut first-keystroke="up" />
    <keyboard-shortcut first-keystroke="ctrl p" />
    <keyboard-shortcut first-keystroke="ctrl k" />
  </action>
  <action id="NextDiff" />
  <action id="PreviousDiff" />
  <action id="QuickImplementations">
    <keyboard-shortcut first-keystroke="alt space" />
  </action>
  <action id="QuickJavaDoc">
    <keyboard-shortcut first-keystroke="f1" />
    <mouse-shortcut keystroke="control button2" />
  </action>
  <action id="Refactorings.QuickListPopupAction">
    <keyboard-shortcut first-keystroke="ctrl r" />
  </action>
  <action id="Refresh" />
  <action id="RenameElement">
    <keyboard-shortcut first-keystroke="meta r" second-keystroke="r" />
  </action>
  <action id="RenameFile">
    <keyboard-shortcut first-keystroke="meta r" second-keystroke="f" />
  </action>
  <action id="Replace" />
  <action id="Rerun" />
  <action id="RerunTests">
    <keyboard-shortcut first-keystroke="alt t" second-keystroke="r" />
  </action>
  <action id="Resume">
    <keyboard-shortcut first-keystroke="meta f5" />
  </action>
  <action id="Run">
    <keyboard-shortcut first-keystroke="f6" />
  </action>
  <action id="RunClass" />
  <action id="RunDashboard.Debug" />
  <action id="RunDashboard.Run" />
  <action id="RunDashboard.Stop">
    <keyboard-shortcut first-keystroke="meta f6" />
  </action>
  <action id="RunJsbtTask" />
  <action id="RunToCursor">
    <keyboard-shortcut first-keystroke="alt f9" />
  </action>
  <action id="SelectNextOccurrence" />
  <action id="ShelvedChanges.Rename" />
  <action id="ShowBookmarks">
    <keyboard-shortcut first-keystroke="alt f2" />
  </action>
  <action id="ShowFilePath">
    <keyboard-shortcut first-keystroke="meta alt f12" />
    <keyboard-shortcut first-keystroke="meta alt h" />
  </action>
  <action id="ShowTypeBookmarks" />
  <action id="SmartStepInto" />
  <action id="SplitChooser.SplitDown">
    <keyboard-shortcut first-keystroke="down" />
    <keyboard-shortcut first-keystroke="ctrl n" />
  </action>
  <action id="SplitChooser.SplitTop">
    <keyboard-shortcut first-keystroke="up" />
    <keyboard-shortcut first-keystroke="ctrl p" />
  </action>
  <action id="StepInto">
    <keyboard-shortcut first-keystroke="meta f9" />
  </action>
  <action id="StepOut">
    <keyboard-shortcut first-keystroke="shift f9" />
  </action>
  <action id="StepOver">
    <keyboard-shortcut first-keystroke="f9" />
  </action>
  <action id="Stop">
    <keyboard-shortcut first-keystroke="meta f6" />
  </action>
  <action id="StopBackgroundProcesses">
    <keyboard-shortcut first-keystroke="shift meta f6" />
  </action>
  <action id="SwitchCoverage" />
  <action id="SwitcherPreviousProblem">
    <keyboard-shortcut first-keystroke="shift f8" />
  </action>
  <action id="Table-startEditing" />
  <action id="Terminal.ClearBuffer" />
  <action id="Terminal.NewTab" />
  <action id="Terminal.SearchInCommandHistory" />
  <action id="TextSearchAction">
    <keyboard-shortcut first-keystroke="meta i" />
  </action>
  <action id="TodoViewGroupByShowModules" />
  <action id="ToggleBookmark">
    <keyboard-shortcut first-keystroke="meta f2" />
  </action>
  <action id="ToggleBookmarkWithMnemonic" />
  <action id="ToggleFindInSelection" />
  <action id="Tree-startEditing" />
  <action id="TypeHierarchy" />
  <action id="TypeHierarchyBase.BaseOnThisType" />
  <action id="UpdateFiles">
    <keyboard-shortcut first-keystroke="alt p" second-keystroke="u" />
    <keyboard-shortcut first-keystroke="alt p" second-keystroke="p" />
  </action>
  <action id="UpdateRunningApplication" />
  <action id="UsageFiltering.ReadAccess" />
  <action id="UsageGrouping.Module" />
  <action id="UsageView.Rerun" />
  <action id="Vcs.Log.FocusTextFilter" />
  <action id="Vcs.Log.Refresh" />
  <action id="Vcs.RefreshFileHistory" />
  <action id="Vcs.ShowMessageHistory" />
  <action id="Vcs.ToggleAmendCommitMode">
    <keyboard-shortcut first-keystroke="alt c" second-keystroke="a" />
  </action>
  <action id="Vcs.UpdateProject" />
  <action id="WebOpenInAction" />
  <action id="XDebugger.AttachToProcess">
    <keyboard-shortcut first-keystroke="ctrl f5" />
  </action>
  <action id="XDebugger.SetValue" />
  <action id="editRunConfigurations">
    <keyboard-shortcut first-keystroke="alt f6" />
  </action>
  <action id="org.intellij.plugins.markdown.ui.actions.styling.ToggleItalicAction" />
</keymap>